DELETE FROM producto_limpieza;
DELETE FROM producto_higiene;
DELETE FROM producto_bebida;
DELETE FROM producto_alimento;
DELETE FROM tarjeta_cliente;
DELETE FROM nomina;
DELETE FROM linea_ticket;
DELETE FROM linea_carrito;
DELETE FROM empleado;
DELETE FROM stock_supermercado;
DELETE FROM ticket;
DELETE FROM producto;
DELETE FROM supermercado;
DELETE FROM plantilla_nomina;
DELETE FROM cliente;

INSERT INTO cliente VALUES('55577788A','Joan','Guardiola','Rayo',29,'Comunidad de Madrid', 'Madrid', '01111','C/Mayor, 5','666555777','joang@gmail.com','1234');
INSERT INTO cliente VALUES('55566688B','Jaume','Piza','Bonafe',29,'Islas Baleares', 'Alaro', '07340','C/Alexandre Rossello, 3','666666666','jaumep@gmail.com','1234');
INSERT INTO cliente VALUES('55544488C','Antonio','Torres','Ruiz',43,'Andalucia', 'Sevilla', '33221','C/Central, 5','666555444','antoniot@gmail.com','1234');
INSERT INTO cliente VALUES('55533388D','Pau','Real','Bordoy',27,'Comunidad de Madrid', 'Madrid', '01111','C/Mayor, 23','633333445','paur@gmail.com','1234');
INSERT INTO cliente VALUES('55522288E','Daniel','Torres','Gallardo',31,'Cataluña', 'Barcelona', '22215','C/Principal, 15','666777999','danielt@gmail.com','1234');
INSERT INTO cliente VALUES('55511188F','Maties','Segui','Sales',28,'Islas Baleares', 'Alaro', '07340','C/Petit, 3','666000111','matiess@gmail.com','1234');
INSERT INTO cliente VALUES('55588888G','Asier','Serrano','Gonzalez',55,'Comunidad de Madrid', 'Madrid', '01122','C/Cervantes, 7','666222333','asiers@gmail.com','1234');
INSERT INTO cliente VALUES('55599988H','Juan','Piza','Garcia',43,'Islas Canarias', 'Las Palmas', '96777','C/Corta, 22','666000222','juanp@gmail.com','1234');
INSERT INTO cliente VALUES('77766688I','Jaime','Garcia','Gil',35,'Cataluña', 'Barcelona', '22445','C/Alexandre Rossello, 22','666000333','jaimeg@gmail.com','1234');
INSERT INTO cliente VALUES('99966688J','Jose','Ramos','Alba',35,'Islas Baleares', 'Palma de Mallorca', '08340','C/De la Torre, 30','666000444','joser@gmail.com','1234');

INSERT INTO supermercado VALUES(1,'A11222333','Islas Baleares','Palma de Mallorca','08340','C/Sant Miquel, 27', '677999001','metradonapalma@gmail.com',2500);
INSERT INTO supermercado VALUES(2,'A11222444','Comunidad de Madrid', 'Madrid', '01111','C/Mayor, 78', '677999002','metradonamadrid@gmail.com',2100);
INSERT INTO supermercado VALUES(3,'A11222555','Cataluña', 'Barcelona', '22445','C/De la Generealitat, 45', '677999003','metradonabarcelona@gmail.com',3305);
INSERT INTO supermercado VALUES(4,'A11222666','Andalucia', 'Sevilla', '33221','C/Grande, 25', '677999004','metradonasevilla@gmail.com',1900);
INSERT INTO supermercado VALUES(5,'A11222777','Islas Canarias', 'Las Palmas', '96777','C/Larga 43', '677999005','metradonalaspalmas@gmail.com',1750);

INSERT INTO tarjeta_cliente VALUES(1111222233334444,'55577788A','Joan Guardiola Rayo',STR_TO_DATE('01/02/24','%d/%m/%Y'),'debito');
INSERT INTO tarjeta_cliente VALUES(1111222233335555,'55577788A','Joan Guardiola Rayo',STR_TO_DATE('01/03/23','%d/%m/%Y'),'credito');
INSERT INTO tarjeta_cliente VALUES(1111222233336666,'55566688B','Jaume Piza Bonafe',STR_TO_DATE('01/02/24','%d/%m/%Y'),'debito');
INSERT INTO tarjeta_cliente VALUES(7777222233334444,'55544488C','Antonio Torres Ruiz',STR_TO_DATE('01/08/24','%d/%m/%Y'),'debito');
INSERT INTO tarjeta_cliente VALUES(8888222233334444,'55533388D','Pau Real Bordoy',STR_TO_DATE('01/12/24','%d/%m/%Y'),'credito');
INSERT INTO tarjeta_cliente VALUES(9999222233334444,'55522288E','Daniel Torres Gallardo',STR_TO_DATE('01/02/22','%d/%m/%Y'),'debito');
INSERT INTO tarjeta_cliente VALUES(1111444433334444,'55511188F','Maties Segui Sales',STR_TO_DATE('01/11/21','%d/%m/%Y'),'credito');
INSERT INTO tarjeta_cliente VALUES(1111555533334444,'55588888G','Asier Serrano Gonzalez',STR_TO_DATE('01/05/23','%d/%m/%Y'),'credito');
INSERT INTO tarjeta_cliente VALUES(1111666633334444,'55599988H','Juan Piza Garcia',STR_TO_DATE('01/07/23','%d/%m/%Y'),'credito');
INSERT INTO tarjeta_cliente VALUES(1111777733334444,'77766688I','Jaime Garcia Gil',STR_TO_DATE('01/01/22','%d/%m/%Y'),'debito');
INSERT INTO tarjeta_cliente VALUES(1111888833334444,'99966688J','Jose Ramos Alba',STR_TO_DATE('01/12/21','%d/%m/%Y'),'debito');

INSERT INTO producto VALUES(1,'Barra pan',1.15,'Barra de pan a base de trigo','Alimento');
INSERT INTO producto_alimento VALUES(1,2,'vegetariano');
INSERT INTO producto VALUES(2,'Pizza 4 quesos',3.5,'Piza con queso elemental, gorgonzola, mozzarella y roquefort','Alimento');
INSERT INTO producto_alimento VALUES(2,30,'vegetariano');
INSERT INTO producto VALUES(3,'Pizza jamon york',3.5,'Piza con queso mozzarella y jamon de cerdo','Alimento');
INSERT INTO producto_alimento VALUES(3,30,'carnivoro');
INSERT INTO producto VALUES(4,'Bollycao',1.5,'Bollo relleno de chocolate','Alimento');
INSERT INTO producto_alimento VALUES(4,45,'vegetariano');
INSERT INTO producto VALUES(5,'Ensalada',0.85,'Brotes de lechuga fresca','Alimento');
INSERT INTO producto_alimento VALUES(5,10,'vegano');
INSERT INTO producto VALUES(6,'CocaCola 2L',1.2,'Refresco clasico de cocacola','Bebida');
INSERT INTO producto_bebida VALUES(6,100,false);
INSERT INTO producto VALUES(7,'Fanta naranja 2L',1.1,'Refresco gaseoso sabor naranja','Bebida');
INSERT INTO producto_bebida VALUES(7,100,false);
INSERT INTO producto VALUES(8,'Fanta limon 2L',1.1,'Refresco gaseoso sabor limon','Bebida');
INSERT INTO producto_bebida VALUES(8,100,false);
INSERT INTO producto VALUES(9,'Vodka absolute 1L',13.5,'Bebida alcoholica tipica rusa','Bebida');
INSERT INTO producto_bebida VALUES(9,0,true);
INSERT INTO producto VALUES(10,'Ginebra Seagrams 1L',16,'Bebida alcoholica de ginebra de Canada','Bebida');
INSERT INTO producto_bebida VALUES(10,0,true);
INSERT INTO producto VALUES(11,'Nivea bodymilk',4,'Crema corporal de nivea','Higiene');
INSERT INTO producto_higiene VALUES(11,'crema');
INSERT INTO producto VALUES(12,'Champu H&S anticaspa',2.4,'champu de la marca H&S anticaspa con olor afrutado','Higiene');
INSERT INTO producto_higiene VALUES(12,'champu');
INSERT INTO producto VALUES(13,'Champu Pantene repara y protege',2.6,'champu de la marca pantene que repara y proteje los pelos mas sensibles','Higiene');
INSERT INTO producto_higiene VALUES(13,'champu');
INSERT INTO producto VALUES(14,'Gel aloevera Farmunid',3.4,'Gel de cuerpo de la marca Farmunid con aloevera','Higiene');
INSERT INTO producto_higiene VALUES(14,'gel');
INSERT INTO producto VALUES(15,'Desodorante Nivea black and white',1.35,'Desodorante que previene la manchas en la ropa blanca i negra','Higiene');
INSERT INTO producto_higiene VALUES(15,'desodorante');
INSERT INTO producto VALUES(16,'Don limpio',5.4,'Donlimpio limpia suelos, para todo tipo de superficies','Limpieza');
INSERT INTO producto_limpieza VALUES(16,'varios');
INSERT INTO producto VALUES(17,'Don limpio madera',5.0,'Donlimpio limpia suelos especializado para madera','Limpieza');
INSERT INTO producto_limpieza VALUES(17,'madera');
INSERT INTO producto VALUES(18,'Salfumant alin',6,'Salfumant para limpiar todo tipo de sucieda. Tengan precaucion','Limpieza');
INSERT INTO producto_limpieza VALUES(18,'varios');
INSERT INTO producto VALUES(19,'Lejia',3.45,'Lejia para limpiar todo tipo de sucieda. Tengan precaucion','Limpieza');
INSERT INTO producto_limpieza VALUES(19,'varios');
INSERT INTO producto VALUES(20,'Cristasol cristalino',4.35,'Producto de la marca cristasol para limpiar cualquier tipo de cristal','Limpieza');
INSERT INTO producto_limpieza VALUES(20,'cristal');

INSERT INTO stock_supermercado VALUES(1,1,100);
INSERT INTO stock_supermercado VALUES(1,2,100);
INSERT INTO stock_supermercado VALUES(1,3,100);
INSERT INTO stock_supermercado VALUES(1,4,100);
INSERT INTO stock_supermercado VALUES(1,5,100);
INSERT INTO stock_supermercado VALUES(1,6,100);
INSERT INTO stock_supermercado VALUES(1,7,100);
INSERT INTO stock_supermercado VALUES(1,8,100);
INSERT INTO stock_supermercado VALUES(1,9,100);
INSERT INTO stock_supermercado VALUES(1,10,100);
INSERT INTO stock_supermercado VALUES(1,11,100);
INSERT INTO stock_supermercado VALUES(1,12,100);
INSERT INTO stock_supermercado VALUES(1,13,100);
INSERT INTO stock_supermercado VALUES(1,14,100);
INSERT INTO stock_supermercado VALUES(1,15,100);
INSERT INTO stock_supermercado VALUES(1,16,100);
INSERT INTO stock_supermercado VALUES(1,17,100);
INSERT INTO stock_supermercado VALUES(1,18,100);
INSERT INTO stock_supermercado VALUES(1,19,100);
INSERT INTO stock_supermercado VALUES(1,20,100);

INSERT INTO stock_supermercado VALUES(2,1,100);
INSERT INTO stock_supermercado VALUES(2,2,100);
INSERT INTO stock_supermercado VALUES(2,3,100);
INSERT INTO stock_supermercado VALUES(2,4,100);
INSERT INTO stock_supermercado VALUES(2,5,100);
INSERT INTO stock_supermercado VALUES(2,6,100);
INSERT INTO stock_supermercado VALUES(2,7,100);
INSERT INTO stock_supermercado VALUES(2,8,100);
INSERT INTO stock_supermercado VALUES(2,9,100);
INSERT INTO stock_supermercado VALUES(2,10,100);
INSERT INTO stock_supermercado VALUES(2,11,100);
INSERT INTO stock_supermercado VALUES(2,12,100);
INSERT INTO stock_supermercado VALUES(2,13,100);
INSERT INTO stock_supermercado VALUES(2,14,100);
INSERT INTO stock_supermercado VALUES(2,15,100);
INSERT INTO stock_supermercado VALUES(2,16,100);
INSERT INTO stock_supermercado VALUES(2,17,100);
INSERT INTO stock_supermercado VALUES(2,18,100);
INSERT INTO stock_supermercado VALUES(2,19,100);
INSERT INTO stock_supermercado VALUES(2,20,100);

INSERT INTO stock_supermercado VALUES(3,1,100);
INSERT INTO stock_supermercado VALUES(3,2,100);
INSERT INTO stock_supermercado VALUES(3,3,100);
INSERT INTO stock_supermercado VALUES(3,4,100);
INSERT INTO stock_supermercado VALUES(3,5,100);
INSERT INTO stock_supermercado VALUES(3,6,100);
INSERT INTO stock_supermercado VALUES(3,7,100);
INSERT INTO stock_supermercado VALUES(3,8,100);
INSERT INTO stock_supermercado VALUES(3,9,100);
INSERT INTO stock_supermercado VALUES(3,10,100);
INSERT INTO stock_supermercado VALUES(3,11,100);
INSERT INTO stock_supermercado VALUES(3,12,100);
INSERT INTO stock_supermercado VALUES(3,13,100);
INSERT INTO stock_supermercado VALUES(3,14,100);
INSERT INTO stock_supermercado VALUES(3,15,100);
INSERT INTO stock_supermercado VALUES(3,16,100);
INSERT INTO stock_supermercado VALUES(3,17,100);
INSERT INTO stock_supermercado VALUES(3,18,100);
INSERT INTO stock_supermercado VALUES(3,19,100);
INSERT INTO stock_supermercado VALUES(3,20,100);

INSERT INTO stock_supermercado VALUES(4,1,100);
INSERT INTO stock_supermercado VALUES(4,2,100);
INSERT INTO stock_supermercado VALUES(4,3,100);
INSERT INTO stock_supermercado VALUES(4,4,100);
INSERT INTO stock_supermercado VALUES(4,5,100);
INSERT INTO stock_supermercado VALUES(4,6,100);
INSERT INTO stock_supermercado VALUES(4,7,100);
INSERT INTO stock_supermercado VALUES(4,8,100);
INSERT INTO stock_supermercado VALUES(4,9,100);
INSERT INTO stock_supermercado VALUES(4,10,100);
INSERT INTO stock_supermercado VALUES(4,11,100);
INSERT INTO stock_supermercado VALUES(4,12,100);
INSERT INTO stock_supermercado VALUES(4,13,100);
INSERT INTO stock_supermercado VALUES(4,14,100);
INSERT INTO stock_supermercado VALUES(4,15,100);
INSERT INTO stock_supermercado VALUES(4,16,100);
INSERT INTO stock_supermercado VALUES(4,17,100);
INSERT INTO stock_supermercado VALUES(4,18,100);
INSERT INTO stock_supermercado VALUES(4,19,100);
INSERT INTO stock_supermercado VALUES(4,20,100);

INSERT INTO stock_supermercado VALUES(5,1,100);
INSERT INTO stock_supermercado VALUES(5,2,100);
INSERT INTO stock_supermercado VALUES(5,3,100);
INSERT INTO stock_supermercado VALUES(5,4,100);
INSERT INTO stock_supermercado VALUES(5,5,100);
INSERT INTO stock_supermercado VALUES(5,6,100);
INSERT INTO stock_supermercado VALUES(5,7,100);
INSERT INTO stock_supermercado VALUES(5,8,100);
INSERT INTO stock_supermercado VALUES(5,9,100);
INSERT INTO stock_supermercado VALUES(5,10,100);
INSERT INTO stock_supermercado VALUES(5,11,100);
INSERT INTO stock_supermercado VALUES(5,12,100);
INSERT INTO stock_supermercado VALUES(5,13,100);
INSERT INTO stock_supermercado VALUES(5,14,100);
INSERT INTO stock_supermercado VALUES(5,15,100);
INSERT INTO stock_supermercado VALUES(5,16,100);
INSERT INTO stock_supermercado VALUES(5,17,100);
INSERT INTO stock_supermercado VALUES(5,18,100);
INSERT INTO stock_supermercado VALUES(5,19,100);
INSERT INTO stock_supermercado VALUES(5,20,100);

INSERT INTO empleado VALUES(24,2,'12377788A','Joan','Faro','Martinez',29,'Comunidad de Madrid', 'Madrid', '01111','C/Mayor, 2','666555779','joanf@gmail.com','Dependiente',1,'1234');
INSERT INTO empleado VALUES(4,2,'12377789B','Joana','Faro','Martinez',31,'Comunidad de Madrid', 'Madrid', '01111','C/Mayor, 2','633555779','joanaf@gmail.com','Dependiente',1,'1234');
INSERT INTO empleado VALUES(3,2,'22377788C','Martin','Montoya','Alonso',29,'Comunidad de Madrid', 'Madrid', '01111','C/Secundaria, 22','644555779','martinm@gmail.com','Supervisor',2,'1234');
INSERT INTO empleado VALUES(1,2,'32377788D','Maria','Castaño','Romero',34,'Comunidad de Madrid', 'Madrid', '01111','C/Gruesa, 32','655555779','mariac@gmail.com','Director',4,'1234');

INSERT INTO empleado VALUES(5,4,'42377788A','Antonio','Pardo','Martinez',28,'Andalucia', 'Sevilla', '33221','C/Grande, 22','666555889','antoniop@gmail.com','Dependiente',1,'1234');
INSERT INTO empleado VALUES(6,4,'52377789B','Pablo','Faro','Muñoz',37,'Andalucia', 'Sevilla', '33221','C/Pequeña, 25','633566779','pablof@gmail.com','Dependiente',1,'1234');
INSERT INTO empleado VALUES(7,4,'62377788C','Fernanda','Sainz','Alonso',55,'Andalucia', 'Sevilla', '33221','C/Principal, 28','643455779','fernandas@gmail.com','Supervisor',2,'1234');
INSERT INTO empleado VALUES(8,4,'72377788D','Mario','Olmo','Romero',42,'Andalucia', 'Sevilla', '33221','C/Grande, 78','655225779','marioo@gmail.com','Director',4,'1234');

INSERT INTO empleado VALUES(9,1,'42373288A','Antonia','Martinez','Martinez',22,'Islas Baleares','Palma de Mallorca','08340','C/Sant Miquel, 47','666111889','antoniam@gmail.com','Dependiente',1,'1234');
INSERT INTO empleado VALUES(10,1,'52373289B','Maria','Faro','Carmin',27,'Islas Baleares','Palma de Mallorca','08340','C/General Riera, 27','633111779','mariaf@gmail.com','Dependiente',1,'1234');
INSERT INTO empleado VALUES(11,1,'62373288C','Josep','Munar','Guasp',45,'Islas Baleares','Marratxi','09340','C/General, 37','643111779','josepm@gmail.com','Supervisor',2,'1234');
INSERT INTO empleado VALUES(12,1,'72373288D','Tomeu','Font','Saez',32,'Islas Baleares','Palma de Mallorca','08340','C/Jaume 3, 12','655111779','tomeuf@gmail.com','Director',4,'1234');

INSERT INTO empleado VALUES(13,5,'12373288A','Antonia','Tabet','Martinez',19,'Islas Canarias', 'Las Palmas', '96777','C/Larga 53','666135889','antoniat@gmail.com','Dependiente',1,'1234');
INSERT INTO empleado VALUES(14,5,'24373289B','Maria','Muñoz','Muñoz',28,'Islas Canarias', 'Las Palmas', '96777','C/Corta 23','633127779','mariam@gmail.com','Dependiente',1,'1234');
INSERT INTO empleado VALUES(15,5,'56373288C','Jose','Pantoja','Matamoros',47,'Islas Canarias', 'Las Palmas', '96777','C/Teide 55','643189779','josep@gmail.com','Supervisor',2,'1234');
INSERT INTO empleado VALUES(16,5,'78373288D','Marcos','Zapatero','Ruiz',39,'Islas Canarias', 'Las Palmas', '96777','C/Meridiana 22','655123779','marcosz@gmail.com','Director',4,'1234');

INSERT INTO empleado VALUES(17,3,'99373288A','Aina','Gil','Gelabert',29,'Cataluña', 'Barcelona', '22445','C/De la Generealitat, 75','621135889','ainag@gmail.com','Dependiente',1,'1234');
INSERT INTO empleado VALUES(18,3,'98373289B','Lluca','Garcia','Ruiz',48,'Cataluña', 'Barcelona', '22445','C/De la Generealitat, 25','643127779','llucag@gmail.com','Dependiente',1,'1234');
INSERT INTO empleado VALUES(19,3,'97373288C','Jaume','Pique','Pla',37,'Cataluña', 'Barcelona', '22445','C/De la diputacio, 16','656189779','jaumep@gmail.com','Supervisor',2,'1234');
INSERT INTO empleado VALUES(20,3,'96373288D','Inmaculada','Guardiola','Clar',59,'Cataluña', 'Barcelona', '22445','Pg/ de Sant Joan, 55','678123779','inmaculadag@gmail.com','Director',4,'1234');

INSERT INTO empleado VALUES(2,2,'12319788A','Jaime','De la Rosa','Fernandez',45,'Comunidad de Madrid', 'Madrid', '01111','C/Alfonso X, 5','666555739','jaimed@gmail.com','Recursos Humanos',3,'1234');
INSERT INTO empleado VALUES(21,2,'12328789B','Margarita','Grande','Cladera',31,'Comunidad de Madrid', 'Madrid', '01111','C/Mayor, 66','633555257','margaritag@gmail.com','Recursos Humanos',3,'1234');
INSERT INTO empleado VALUES(22,2,'22337788C','Catalina','Alonso','Iglesias',27,'Comunidad de Madrid', 'Madrid', '01111','C/Secundaria, 32','644555903','catalinaa@gmail.com','Recursos Humanos',3,'1234');
INSERT INTO empleado VALUES(23,2,'32346788D','Jesus','Oliver','Almeida',36,'Comunidad de Madrid', 'Madrid', '01111','C/Pequeña, 12','655555001','jesuso@gmail.com','Recursos Humanos',3,'1234');

INSERT INTO ticket VALUES(1,'55577788A',2,'29/04/2021','13:37',8.5);
INSERT INTO linea_ticket VALUES(1,2,2,7);
INSERT INTO linea_ticket VALUES(1,4,1,1.5);

INSERT INTO plantilla_nomina VALUES('Dependiente',1300,11,4.5);
INSERT INTO plantilla_nomina VALUES('Supervisor',2000,18,7);
INSERT INTO plantilla_nomina VALUES('Recursos Humanos',1600,14,5);
INSERT INTO plantilla_nomina VALUES('Director',3500,30,12.5);

INSERT INTO nomina VALUES(1,1,'Director',3500,10,'01/03/2021','31/03/2021',25,0,4250);
INSERT INTO nomina VALUES(2,2,'Recursos Humanos',1600,5,'01/03/2021','31/03/2021',37,0,2118);
INSERT INTO nomina VALUES(3,1,'Director',3500,10,'01/04/2021','30/04/2021',20,0,4100);
INSERT INTO nomina VALUES(4,2,'Recursos Humanos',1600,5,'01/04/2021','30/04/2021',24,0,1936);
INSERT INTO nomina VALUES(5,21,'Recursos Humanos',1600,5,'01/04/2021','30/04/2021',20,0,1880);
INSERT INTO nomina VALUES(6,22,'Recursos Humanos',1600,10,'01/04/2021','30/04/2021',24,0,1936);
INSERT INTO nomina VALUES(7,23,'Recursos Humanos',1600,5,'01/04/2021','30/04/2021',15,0,1810);
INSERT INTO nomina VALUES(8,4,'Dependiente',1300,5,'01/04/2021','30/04/2021',8,0,1388);
INSERT INTO nomina VALUES(9,3,'Supervisor',2000,10,'01/04/2021','30/04/2021',12,2,2230);
INSERT INTO nomina VALUES(10,5,'Dependiente',1300,2,'01/04/2021','30/04/2021',10,0,1410);
INSERT INTO nomina VALUES(11,6,'Dependiente',1300,5,'01/04/2021','30/04/2021',5,1,1359.5);
INSERT INTO nomina VALUES(12,7,'Supervisor',2000,10,'01/04/2021','30/04/2021',20,0,2360);
INSERT INTO nomina VALUES(13,8,'Director',3500,15,'01/04/2021','30/04/2021',5,0,3650);
